,precision,recall,f1
rr,0.3148148148148148,0.8717948717948718,0.4625850340136054
svr,0.4727272727272727,0.6666666666666666,0.553191489361702
lr,0.5538461538461539,0.9230769230769231,0.6923076923076924
svc,0.578125,0.9487179487179487,0.7184466019417476
