,precision,recall,f1
rr,0.45454545454545453,0.8974358974358975,0.603448275862069
svr,0.5,0.8974358974358975,0.6422018348623854
lr,0.5066666666666667,0.9743589743589743,0.6666666666666667
svc,0.5735294117647058,1.0,0.7289719626168224
