,precision,recall,f1
rr,0.5909090909090909,0.6666666666666666,0.6265060240963856
svr,0.6046511627906976,0.6666666666666666,0.6341463414634145
lr,0.5737704918032787,0.8974358974358975,0.7
svc,0.5555555555555556,0.8974358974358975,0.6862745098039216
