,precision,recall,f1
rr,0.3684210526315789,0.8974358974358975,0.5223880597014926
svr,0.43283582089552236,0.7435897435897436,0.5471698113207547
lr,0.5238095238095238,0.8461538461538461,0.6470588235294118
svc,0.5454545454545454,0.9230769230769231,0.6857142857142856
