,precision,recall,f1
rr,0.3148148148148148,0.8717948717948718,0.4625850340136054
svr,0.3584905660377358,0.9743589743589743,0.5241379310344827
lr,0.6,0.9230769230769231,0.7272727272727274
svc,0.5806451612903226,0.9230769230769231,0.7128712871287128
