,precision,recall,f1
rr,0.5833333333333334,0.8974358974358975,0.7070707070707071
svr,0.5932203389830508,0.8974358974358975,0.7142857142857142
lr,0.6666666666666666,0.9743589743589743,0.7916666666666666
svc,0.6785714285714286,0.9743589743589743,0.8
