,precision,recall,f1
rr,0.3548387096774194,0.8461538461538461,0.5
svr,0.36904761904761907,0.7948717948717948,0.5040650406504066
lr,0.5614035087719298,0.8205128205128205,0.6666666666666666
svc,0.5740740740740741,0.7948717948717948,0.6666666666666666
