,precision,recall,f1
rr,0.4069767441860465,0.8974358974358975,0.5599999999999999
svr,0.4025974025974026,0.7948717948717948,0.5344827586206897
lr,0.5344827586206896,0.7948717948717948,0.6391752577319587
svc,0.5217391304347826,0.3076923076923077,0.3870967741935484
