,precision,recall,f1
rr,0.4605263157894737,0.8974358974358975,0.608695652173913
svr,0.5147058823529411,0.8974358974358975,0.6542056074766355
lr,0.5507246376811594,0.9743589743589743,0.7037037037037037
svc,0.5660377358490566,0.7692307692307693,0.6521739130434783
