,precision,recall,f1
rr,0.30327868852459017,0.9487179487179487,0.45962732919254656
svr,0.3815789473684211,0.7435897435897436,0.5043478260869566
lr,0.5217391304347826,0.9230769230769231,0.6666666666666667
svc,0.5294117647058824,0.9230769230769231,0.6728971962616822
