,precision,recall,f1
rr,0.3425925925925926,0.9487179487179487,0.5034013605442177
svr,0.4727272727272727,0.6666666666666666,0.553191489361702
lr,0.5254237288135594,0.7948717948717948,0.6326530612244898
svc,0.56,0.717948717948718,0.6292134831460674
