,precision,recall,f1
rr,0.45454545454545453,0.8974358974358975,0.603448275862069
svr,0.4794520547945205,0.8974358974358975,0.625
lr,0.5571428571428572,1.0,0.7155963302752294
svc,0.5614035087719298,0.8205128205128205,0.6666666666666666
