,precision,recall,f1
rr,0.3894736842105263,0.9487179487179487,0.5522388059701492
svr,0.6046511627906976,0.6666666666666666,0.6341463414634145
lr,0.5714285714285714,0.9230769230769231,0.7058823529411765
svc,0.5833333333333334,0.8974358974358975,0.7070707070707071
