,precision,recall,f1
rr,0.40229885057471265,0.8974358974358975,0.5555555555555556
svr,0.45454545454545453,0.7692307692307693,0.5714285714285714
lr,0.5882352941176471,0.7692307692307693,0.6666666666666667
svc,0.627906976744186,0.6923076923076923,0.6585365853658537
