,precision,recall,f1
rr,0.40229885057471265,0.8974358974358975,0.5555555555555556
svr,0.5303030303030303,0.8974358974358975,0.6666666666666667
lr,0.5428571428571428,0.9743589743589743,0.6972477064220183
svc,0.5671641791044776,0.9743589743589743,0.7169811320754718
