,precision,recall,f1
rr,0.5471698113207547,0.7435897435897436,0.6304347826086957
svr,0.47761194029850745,0.8205128205128205,0.6037735849056602
lr,0.5932203389830508,0.8974358974358975,0.7142857142857142
svc,0.5932203389830508,0.8974358974358975,0.7142857142857142
