,precision,recall,f1
rr,0.4,0.8717948717948718,0.5483870967741936
svr,0.3978494623655914,0.9487179487179487,0.5606060606060607
lr,0.5384615384615384,0.717948717948718,0.6153846153846153
svc,0.5849056603773585,0.7948717948717948,0.6739130434782609
