,precision,recall,f1
rr,0.4533333333333333,0.8717948717948718,0.5964912280701754
svr,0.43902439024390244,0.9230769230769231,0.5950413223140497
lr,0.5373134328358209,0.9230769230769231,0.6792452830188679
svc,0.5454545454545454,0.7692307692307693,0.6382978723404256
