,precision,recall,f1
rr,0.36,0.9230769230769231,0.5179856115107913
svr,0.3302752293577982,0.9230769230769231,0.4864864864864865
lr,0.46153846153846156,0.9230769230769231,0.6153846153846155
svc,0.4230769230769231,0.8461538461538461,0.5641025641025641
