,precision,recall,f1
rr,0.37662337662337664,0.7435897435897436,0.5
svr,0.40217391304347827,0.9487179487179487,0.564885496183206
lr,0.6078431372549019,0.7948717948717948,0.6888888888888889
svc,0.6274509803921569,0.8205128205128205,0.711111111111111
