,precision,recall,f1
rr,0.41333333333333333,0.7948717948717948,0.5438596491228069
svr,0.391304347826087,0.9230769230769231,0.549618320610687
lr,0.5636363636363636,0.7948717948717948,0.6595744680851063
svc,0.5535714285714286,0.7948717948717948,0.6526315789473683
