,precision,recall,f1
rr,0.3269230769230769,0.8717948717948718,0.4755244755244756
svr,0.3333333333333333,0.8974358974358975,0.48611111111111105
lr,0.4794520547945205,0.8974358974358975,0.625
svc,0.44871794871794873,0.8974358974358975,0.5982905982905983
