,precision,recall,f1
rr,0.46875,0.7692307692307693,0.5825242718446603
svr,0.42528735632183906,0.9487179487179487,0.5873015873015872
lr,0.6976744186046512,0.7692307692307693,0.7317073170731708
svc,0.75,0.6923076923076923,0.7199999999999999
