,precision,recall,f1
rr,0.43548387096774194,0.6923076923076923,0.5346534653465347
svr,0.43529411764705883,0.9487179487179487,0.5967741935483871
lr,0.5957446808510638,0.717948717948718,0.6511627906976744
svc,0.6304347826086957,0.7435897435897436,0.6823529411764706
