,precision,recall,f1
rr,0.3125,0.8974358974358975,0.4635761589403974
svr,0.4155844155844156,0.8205128205128205,0.5517241379310346
lr,0.44155844155844154,0.8717948717948718,0.5862068965517242
svc,0.4155844155844156,0.8205128205128205,0.5517241379310346
