,precision,recall,f1
rr,0.34843205574912894,0.8928571428571429,0.5012531328320802
svr,0.3977272727272727,0.9375,0.5585106382978723
lr,0.5680473372781065,0.8571428571428571,0.6832740213523133
svc,0.5271739130434783,0.8660714285714286,0.6554054054054055
