,precision,recall,f1
rr,0.314540059347181,0.9464285714285714,0.47216035634743875
svr,0.3817427385892116,0.8214285714285714,0.5212464589235126
lr,0.5523255813953488,0.8482142857142857,0.6690140845070423
svc,0.5402298850574713,0.8392857142857143,0.6573426573426573
