,precision,recall,f1
rr,0.34098360655737703,0.9285714285714286,0.4988009592326139
svr,0.3745583038869258,0.9464285714285714,0.5367088607594936
lr,0.5823529411764706,0.8839285714285714,0.7021276595744682
svc,0.5316455696202531,0.75,0.6222222222222222
