,precision,recall,f1
rr,0.33223684210526316,0.9017857142857143,0.4855769230769231
svr,0.381294964028777,0.9464285714285714,0.5435897435897435
lr,0.5798816568047337,0.875,0.6975088967971531
svc,0.5875,0.8392857142857143,0.6911764705882354
