,precision,recall,f1
rr,0.3090909090909091,0.9107142857142857,0.46153846153846156
svr,0.3450479233226837,0.9642857142857143,0.5082352941176471
lr,0.5133689839572193,0.8571428571428571,0.6421404682274248
svc,0.5027027027027027,0.8303571428571429,0.6262626262626262
